instance,method,run,utility,cpu_time
MC-CSSP-M,QIDDM-full,0,0.6494643478859783,2.5368396000003486
MC-CSSP-M,QIDDM-full,1,0.6473066106585024,2.484016200000042
MC-CSSP-M,QIDDM-full,2,0.6494643478859783,2.2698600000003353
MC-CSSP-M,QIDDM-full,3,0.6484548265058726,2.3385848999996597
MC-CSSP-M,QIDDM-full,4,0.6484548265058726,2.4183333000000857
MC-CSSP-M,QIDDM-full,5,0.6484548265058726,2.2336648999998943
MC-CSSP-M,QIDDM-full,6,0.6494643478859783,2.2689905000006547
MC-CSSP-M,QIDDM-full,7,0.6473066106585024,2.158263299999817
MC-CSSP-M,QIDDM-full,8,0.6484548265058726,2.185001900000316
MC-CSSP-M,QIDDM-full,9,0.6473066106585024,2.232148600000073
MC-CSSP-M,QIDDM-full,10,0.6494643478859783,2.217793700000584
MC-CSSP-M,QIDDM-full,11,0.6494643478859783,2.3058584000000337
MC-CSSP-M,QIDDM-full,12,0.6494643478859783,2.2604873000000225
MC-CSSP-M,QIDDM-full,13,0.6473066106585024,2.411019799999849
MC-CSSP-M,QIDDM-full,14,0.6484548265058726,2.444265500000256
MC-CSSP-M,QIDDM-full,15,0.6484548265058726,2.22361600000022
MC-CSSP-M,QIDDM-full,16,0.6473066106585024,2.207120500000201
MC-CSSP-M,QIDDM-full,17,0.6484548265058726,2.186290900000131
MC-CSSP-M,QIDDM-full,18,0.6484548265058726,2.1882395999991786
MC-CSSP-M,QIDDM-full,19,0.6484548265058726,2.2973425000000134
MC-CSSP-M,QIDDM-noDyn,0,0.6473066106585024,2.2512102999999115
MC-CSSP-M,QIDDM-noDyn,1,0.6473066106585024,2.1965741999993043
MC-CSSP-M,QIDDM-noDyn,2,0.6473066106585024,2.1927221000005375
MC-CSSP-M,QIDDM-noDyn,3,0.6473066106585024,2.204736700000467
MC-CSSP-M,QIDDM-noDyn,4,0.6484548265058726,2.1881741000006514
MC-CSSP-M,QIDDM-noDyn,5,0.6484548265058726,2.2445455000006405
MC-CSSP-M,QIDDM-noDyn,6,0.6494643478859783,2.2044074999994336
MC-CSSP-M,QIDDM-noDyn,7,0.6484548265058726,2.263994400000229
MC-CSSP-M,QIDDM-noDyn,8,0.6473066106585024,2.2079492000002574
MC-CSSP-M,QIDDM-noDyn,9,0.6473066106585024,2.2423220000000583
MC-CSSP-M,QIDDM-noDyn,10,0.6473066106585024,2.2574407000001884
MC-CSSP-M,QIDDM-noDyn,11,0.6494643478859783,2.202706899999612
MC-CSSP-M,QIDDM-noDyn,12,0.6494643478859783,2.1932302999994135
MC-CSSP-M,QIDDM-noDyn,13,0.6494643478859783,2.2321781000000556
MC-CSSP-M,QIDDM-noDyn,14,0.6484548265058726,2.2285574999996243
MC-CSSP-M,QIDDM-noDyn,15,0.6484548265058726,2.200454300000274
MC-CSSP-M,QIDDM-noDyn,16,0.6473066106585024,2.3134141999998974
MC-CSSP-M,QIDDM-noDyn,17,0.6484548265058726,2.2333733999994365
MC-CSSP-M,QIDDM-noDyn,18,0.6473066106585024,2.2796957999998995
MC-CSSP-M,QIDDM-noDyn,19,0.6484548265058726,2.243299300000217
MC-CSSP-M,QIDDM-noInt,0,0.6484548265058726,2.2153556000002936
MC-CSSP-M,QIDDM-noInt,1,0.6473066106585024,4.625643299999865
MC-CSSP-M,QIDDM-noInt,2,0.6484548265058726,2.2339245000002848
MC-CSSP-M,QIDDM-noInt,3,0.6484548265058726,2.1771148999996512
MC-CSSP-M,QIDDM-noInt,4,0.6484548265058726,2.2549496000001454
MC-CSSP-M,QIDDM-noInt,5,0.6484548265058726,2.2623333000001367
MC-CSSP-M,QIDDM-noInt,6,0.6494643478859783,2.2797381000000314
MC-CSSP-M,QIDDM-noInt,7,0.6494643478859783,2.168634099999508
MC-CSSP-M,QIDDM-noInt,8,0.6484548265058726,2.245819499999925
MC-CSSP-M,QIDDM-noInt,9,0.6484548265058726,2.217070099999546
MC-CSSP-M,QIDDM-noInt,10,0.6494643478859783,2.3234231999995245
MC-CSSP-M,QIDDM-noInt,11,0.6494643478859783,2.195093700000143
MC-CSSP-M,QIDDM-noInt,12,0.6484548265058726,2.245292900000095
MC-CSSP-M,QIDDM-noInt,13,0.6494643478859783,2.2076857000001837
MC-CSSP-M,QIDDM-noInt,14,0.6484548265058726,2.2614331999993738
MC-CSSP-M,QIDDM-noInt,15,0.6484548265058726,2.561152299999776
MC-CSSP-M,QIDDM-noInt,16,0.6484548265058726,2.3182913000000553
MC-CSSP-M,QIDDM-noInt,17,0.6494643478859783,2.1823228000002928
MC-CSSP-M,QIDDM-noInt,18,0.6484548265058726,2.2276848000001337
MC-CSSP-M,QIDDM-noInt,19,0.6473066106585024,2.2192512999999963
MC-CSSP-M,QIDDM-noLS,0,0.6449999104952165,2.0829963999995016
MC-CSSP-M,QIDDM-noLS,1,0.6484548265058726,1.9890937000000122
MC-CSSP-M,QIDDM-noLS,2,0.6451149982718232,2.21816409999974
MC-CSSP-M,QIDDM-noLS,3,0.6484548265058726,2.0937690999999177
MC-CSSP-M,QIDDM-noLS,4,0.6464363863700686,1.9827444000002288
MC-CSSP-M,QIDDM-noLS,5,0.6484548265058726,1.9871219999995446
MC-CSSP-M,QIDDM-noLS,6,0.6484548265058726,2.001641500000005
MC-CSSP-M,QIDDM-noLS,7,0.6463432359038223,2.4218642000005275
MC-CSSP-M,QIDDM-noLS,8,0.6484548265058726,4.881572499999493
MC-CSSP-M,QIDDM-noLS,9,0.6466119146291395,3.2952918999999383
MC-CSSP-M,QIDDM-noLS,10,0.6464363863700686,3.2485225000000355
MC-CSSP-M,QIDDM-noLS,11,0.6494643478859783,3.2076703000002453
MC-CSSP-M,QIDDM-noLS,12,0.6447749025713065,3.04896220000046
MC-CSSP-M,QIDDM-noLS,13,0.6480090715196843,3.2211121000000276
MC-CSSP-M,QIDDM-noLS,14,0.642185335154341,3.234818400000222
MC-CSSP-M,QIDDM-noLS,15,0.6484548265058726,3.0742270000000644
MC-CSSP-M,QIDDM-noLS,16,0.6473066106585024,3.2129828000006455
MC-CSSP-M,QIDDM-noLS,17,0.6484548265058726,3.0619673999999577
MC-CSSP-M,QIDDM-noLS,18,0.6484548265058726,3.0514509999993606
MC-CSSP-M,QIDDM-noLS,19,0.6453501904938633,3.202350099999421
MC-CSSP-M,QIDDM-noWarm,0,0.6473066106585024,3.3751941000000443
MC-CSSP-M,QIDDM-noWarm,1,0.6473066106585024,3.4659053999994285
MC-CSSP-M,QIDDM-noWarm,2,0.6473066106585024,3.414023199999974
MC-CSSP-M,QIDDM-noWarm,3,0.6494643478859783,3.36635699999988
MC-CSSP-M,QIDDM-noWarm,4,0.6416787867575731,3.3712484999996377
MC-CSSP-M,QIDDM-noWarm,5,0.6473066106585024,3.4322775999999067
MC-CSSP-M,QIDDM-noWarm,6,0.6473066106585024,3.548126599999705
MC-CSSP-M,QIDDM-noWarm,7,0.6452911391822211,3.5740849000003436
MC-CSSP-M,QIDDM-noWarm,8,0.6473066106585024,3.403836599999522
MC-CSSP-M,QIDDM-noWarm,9,0.6473066106585024,3.538665900000524
MC-CSSP-M,QIDDM-noWarm,10,0.6494643478859783,3.5079192000002877
MC-CSSP-M,QIDDM-noWarm,11,0.6454836319768759,3.5950270000003
MC-CSSP-M,QIDDM-noWarm,12,0.6484548265058726,3.540252099999634
MC-CSSP-M,QIDDM-noWarm,13,0.6473066106585024,3.4600632000001497
MC-CSSP-M,QIDDM-noWarm,14,0.6494643478859783,3.3855297999998584
MC-CSSP-M,QIDDM-noWarm,15,0.6401626119898184,3.4133244000004197
MC-CSSP-M,QIDDM-noWarm,16,0.6473066106585024,3.5362729000007675
MC-CSSP-M,QIDDM-noWarm,17,0.6494643478859783,3.6099463000009564
MC-CSSP-M,QIDDM-noWarm,18,0.6484548265058726,3.529990999999427
MC-CSSP-M,QIDDM-noWarm,19,0.6484548265058726,3.5513422999993054
MC-CSSP-L,QIDDM-full,0,0.6791362729809921,3.6426226000003226
MC-CSSP-L,QIDDM-full,1,0.6796487188900896,3.801896900000429
MC-CSSP-L,QIDDM-full,2,0.6779425442089453,3.6533988999999565
MC-CSSP-L,QIDDM-full,3,0.6785975127564005,3.6674844000008306
MC-CSSP-L,QIDDM-full,4,0.6779425442089453,3.644679000000906
MC-CSSP-L,QIDDM-full,5,0.6796487188900896,3.748502299999018
MC-CSSP-L,QIDDM-full,6,0.6779425442089453,3.526397800000268
MC-CSSP-L,QIDDM-full,7,0.6779425442089453,3.6312570000009146
MC-CSSP-L,QIDDM-full,8,0.6782526842371561,3.689911799998299
MC-CSSP-L,QIDDM-full,9,0.6854341828431024,3.7183537000000797
MC-CSSP-L,QIDDM-full,10,0.6800534502356967,3.675469300000259
MC-CSSP-L,QIDDM-full,11,0.6796487188900896,3.695923200000834
MC-CSSP-L,QIDDM-full,12,0.6782526842371561,3.564907200001471
MC-CSSP-L,QIDDM-full,13,0.6828844190938852,3.7725832000014634
MC-CSSP-L,QIDDM-full,14,0.6779425442089453,3.6558287000007113
MC-CSSP-L,QIDDM-full,15,0.6800534502356967,3.61294369999996
MC-CSSP-L,QIDDM-full,16,0.6779425442089453,3.6002968000011606
MC-CSSP-L,QIDDM-full,17,0.6779425442089453,3.6431377999997494
MC-CSSP-L,QIDDM-full,18,0.6796487188900896,3.572414400001435
MC-CSSP-L,QIDDM-full,19,0.6779425442089453,3.678727999998955
MC-CSSP-L,QIDDM-noDyn,0,0.6791362729809921,3.6799412999989727
MC-CSSP-L,QIDDM-noDyn,1,0.6796487188900896,3.6475974999993923
MC-CSSP-L,QIDDM-noDyn,2,0.6779425442089453,3.6472039000000223
MC-CSSP-L,QIDDM-noDyn,3,0.675640381534595,3.599975600000107
MC-CSSP-L,QIDDM-noDyn,4,0.6779425442089453,3.612204600000041
MC-CSSP-L,QIDDM-noDyn,5,0.6796487188900896,3.587227100000746
MC-CSSP-L,QIDDM-noDyn,6,0.6779425442089453,3.6077228000012838
MC-CSSP-L,QIDDM-noDyn,7,0.6779425442089453,3.5913209000009374
MC-CSSP-L,QIDDM-noDyn,8,0.6796487188900896,3.672814699999435
MC-CSSP-L,QIDDM-noDyn,9,0.6796487188900896,3.7555018000002747
MC-CSSP-L,QIDDM-noDyn,10,0.6800534502356967,3.6303921999988233
MC-CSSP-L,QIDDM-noDyn,11,0.6846076036139408,3.601461299998846
MC-CSSP-L,QIDDM-noDyn,12,0.6782526842371561,3.6029207999999926
MC-CSSP-L,QIDDM-noDyn,13,0.6924558761489964,3.6720523000003595
MC-CSSP-L,QIDDM-noDyn,14,0.6779425442089453,3.5464424999991024
MC-CSSP-L,QIDDM-noDyn,15,0.6771502468161145,3.570310099999915
MC-CSSP-L,QIDDM-noDyn,16,0.6779425442089453,3.5042180999989796
MC-CSSP-L,QIDDM-noDyn,17,0.6779425442089453,3.5291331999997055
MC-CSSP-L,QIDDM-noDyn,18,0.6796487188900896,3.6398062000007485
MC-CSSP-L,QIDDM-noDyn,19,0.6796487188900896,3.68935269999929
MC-CSSP-L,QIDDM-noInt,0,0.6816408020181992,3.595062099999268
MC-CSSP-L,QIDDM-noInt,1,0.6779425442089453,3.49759129999984
MC-CSSP-L,QIDDM-noInt,2,0.6872161948505614,3.5495470999994723
MC-CSSP-L,QIDDM-noInt,3,0.6796487188900896,3.522094100000686
MC-CSSP-L,QIDDM-noInt,4,0.6779425442089453,3.6583910999997897
MC-CSSP-L,QIDDM-noInt,5,0.6779425442089453,3.7524183000004996
MC-CSSP-L,QIDDM-noInt,6,0.6871413663308567,3.638177699998778
MC-CSSP-L,QIDDM-noInt,7,0.691116005306757,3.633466799999951
MC-CSSP-L,QIDDM-noInt,8,0.6868967728590348,3.660075300000244
MC-CSSP-L,QIDDM-noInt,9,0.6796487188900896,3.6543046000006143
MC-CSSP-L,QIDDM-noInt,10,0.6779425442089453,3.7280387000009796
MC-CSSP-L,QIDDM-noInt,11,0.6779425442089453,3.5641591000003245
MC-CSSP-L,QIDDM-noInt,12,0.6796487188900896,3.7210476999989623
MC-CSSP-L,QIDDM-noInt,13,0.6931172417932414,3.531842999998844
MC-CSSP-L,QIDDM-noInt,14,0.6779425442089453,3.5578194000008807
MC-CSSP-L,QIDDM-noInt,15,0.6771502468161145,3.5654914999995526
MC-CSSP-L,QIDDM-noInt,16,0.6779425442089453,3.6125965000010183
MC-CSSP-L,QIDDM-noInt,17,0.6779425442089453,3.6154793000005157
MC-CSSP-L,QIDDM-noInt,18,0.6874381562839438,3.3054757000008976
MC-CSSP-L,QIDDM-noInt,19,0.6806645678602908,3.5863520999992033
MC-CSSP-L,QIDDM-noLS,0,0.666807820785914,3.3206556999994064
MC-CSSP-L,QIDDM-noLS,1,0.6682284122497297,3.2984455000005255
MC-CSSP-L,QIDDM-noLS,2,0.6588947192362656,3.304424600000857
MC-CSSP-L,QIDDM-noLS,3,0.6660362536244747,3.375570299998799
MC-CSSP-L,QIDDM-noLS,4,0.6596630988549027,3.4324871999997413
MC-CSSP-L,QIDDM-noLS,5,0.6657586627302262,3.354585799999768
MC-CSSP-L,QIDDM-noLS,6,0.6578043385326492,3.3808487999995123
MC-CSSP-L,QIDDM-noLS,7,0.6586465897197429,3.520053400001416
MC-CSSP-L,QIDDM-noLS,8,0.6686883348353965,3.3708244000008563
MC-CSSP-L,QIDDM-noLS,9,0.6707949542932825,3.2433234000000084
MC-CSSP-L,QIDDM-noLS,10,0.6603434499183152,3.336457100000189
MC-CSSP-L,QIDDM-noLS,11,0.661198039740741,3.3256026999988535
MC-CSSP-L,QIDDM-noLS,12,0.6682072279913231,3.259992199999033
MC-CSSP-L,QIDDM-noLS,13,0.6758449736652353,3.125148799999806
MC-CSSP-L,QIDDM-noLS,14,0.6630061811240542,3.1696529000000737
MC-CSSP-L,QIDDM-noLS,15,0.6647569797579764,3.2442528999999922
MC-CSSP-L,QIDDM-noLS,16,0.6658477185965156,3.320037299999967
MC-CSSP-L,QIDDM-noLS,17,0.6560284652843683,3.233579699999609
MC-CSSP-L,QIDDM-noLS,18,0.6654003796414196,3.308447100000194
MC-CSSP-L,QIDDM-noLS,19,0.6544381965306859,3.18891369999983
MC-CSSP-L,QIDDM-noWarm,0,0.6796487188900896,3.6048969000003126
MC-CSSP-L,QIDDM-noWarm,1,0.6771502468161145,3.437490099999195
MC-CSSP-L,QIDDM-noWarm,2,0.6779425442089453,3.534458000000086
MC-CSSP-L,QIDDM-noWarm,3,0.6779425442089453,3.607125399999859
MC-CSSP-L,QIDDM-noWarm,4,0.6779425442089453,3.634964500000933
MC-CSSP-L,QIDDM-noWarm,5,0.6796487188900896,3.544871799998873
MC-CSSP-L,QIDDM-noWarm,6,0.6779425442089453,3.5386400999996113
MC-CSSP-L,QIDDM-noWarm,7,0.6779425442089453,3.4864355999998224
MC-CSSP-L,QIDDM-noWarm,8,0.6779425442089453,3.6206817000002047
MC-CSSP-L,QIDDM-noWarm,9,0.6779425442089453,3.5698016000005737
MC-CSSP-L,QIDDM-noWarm,10,0.6886484324008264,3.4475843999989593
MC-CSSP-L,QIDDM-noWarm,11,0.6779425442089453,3.5576880000007804
MC-CSSP-L,QIDDM-noWarm,12,0.6828844190938852,3.4699627999998484
MC-CSSP-L,QIDDM-noWarm,13,0.6779425442089453,3.5461278000002494
MC-CSSP-L,QIDDM-noWarm,14,0.6779425442089453,3.519720899999811
MC-CSSP-L,QIDDM-noWarm,15,0.6796487188900896,3.6357676000006904
MC-CSSP-L,QIDDM-noWarm,16,0.6779425442089453,3.4625832000001537
MC-CSSP-L,QIDDM-noWarm,17,0.6771502468161145,3.6432942999999796
MC-CSSP-L,QIDDM-noWarm,18,0.6779425442089453,3.5785930000001827
MC-CSSP-L,QIDDM-noWarm,19,0.6779425442089453,3.527145699999892
