instance,method,run,utility,cpu_time,iterations_to_best,cost,quality,lead_time,reliability,capacity_slack
MC-CSSP-S,TOPSIS,0,0.6182484963568616,0.0014522999999826425,0,73.6308961582555,83.84565706714082,21.309715630694424,0.7918887965277266,422.0677172050081
MC-CSSP-S,AHP,0,0.6376340256932922,0.0009314999997513951,0,80.08932031705967,87.09107265023664,21.309715630694424,0.8229710714798251,492.4935637861382
MC-CSSP-S,GA,0,0.6397303439424356,3.403171900000416,10,81.34244144953846,85.18813289583974,21.309715630694424,0.8509239873859524,501.28717519439317
MC-CSSP-S,GA,1,0.6309328469318027,3.678080599999703,23,77.17617746657957,84.4552301509252,21.309715630694424,0.8230380523002017,527.0648596506734
MC-CSSP-S,GA,2,0.6374060312951357,3.3959462999996504,18,86.07727316871451,85.4330238177867,18.40583224404948,0.8269293912755171,606.9221839732623
MC-CSSP-S,GA,3,0.6191491829378443,3.5614378999998735,23,88.07485691479553,87.14271521470934,21.309715630694424,0.8460367052320922,616.1167638285716
MC-CSSP-S,GA,4,0.6314777738901565,3.5489903000002414,58,83.3110664052652,85.61373852655365,21.309715630694424,0.8474109065755938,588.7781798321593
MC-CSSP-S,GA,5,0.6410065815119722,3.617462600000181,68,84.96731927384768,88.30547794335473,21.309715630694424,0.840065328870831,585.1327232595394
MC-CSSP-S,GA,6,0.6379867735087633,3.5371061000000736,34,80.08845378288218,85.0106902102189,21.318920313272425,0.8431154975387327,544.542031350266
MC-CSSP-S,GA,7,0.6419370614077452,3.566718199999741,27,80.93573903061386,88.23385292840035,21.309715630694424,0.8179416872834975,513.4525219935487
MC-CSSP-S,GA,8,0.6227678311544975,3.7052638000000115,19,80.89213168184038,83.14461421950423,21.318920313272425,0.8388643708572361,455.8602355513366
MC-CSSP-S,GA,9,0.6288837544364294,3.7873984999996537,11,76.10223113040115,85.55735060217395,21.309715630694424,0.8008681745592634,458.17936196336825
MC-CSSP-S,GA,10,0.6212170660333766,3.8626491999998507,46,78.03702295225213,83.63727377848832,21.309715630694424,0.821181601656009,450.4949720292617
MC-CSSP-S,GA,11,0.6419380746262368,3.609730099999979,17,76.05687353964836,84.93906519526452,21.318920313272425,0.8209918559513992,472.86183008427554
MC-CSSP-S,GA,12,0.6379867735087633,5.070355899999868,39,80.08845378288218,85.0106902102189,21.318920313272425,0.8431154975387327,544.542031350266
MC-CSSP-S,GA,13,0.6473212886661148,3.6173432000000503,67,87.733526037297,88.12476323458777,18.40583224404948,0.8195838135707542,603.2767274006425
MC-CSSP-S,GA,14,0.6243599556200735,3.6227733999999145,13,92.301857514897,85.34130439773176,18.40583224404948,0.8362781281974394,598.4738593176709
MC-CSSP-S,GA,15,0.6419370614077452,3.5271551000000727,30,80.93573903061386,88.23385292840035,21.309715630694424,0.8179416872834975,513.4525219935487
MC-CSSP-S,GA,16,0.6186356931353537,3.6099190999998427,74,79.1138716036719,82.30181372412909,21.318920313272425,0.8428215864341135,531.7094865805244
MC-CSSP-S,GA,17,0.6397303439424356,3.7208917000002657,4,81.34244144953846,85.18813289583974,21.309715630694424,0.8509239873859524,501.28717519439317
MC-CSSP-S,GA,18,0.6498006075229267,3.82544420000022,120,87.42385855810899,84.12689910461367,15.512306310963663,0.8191838708064336,505.8346998442697
MC-CSSP-S,GA,19,0.6419370614077452,4.227601699999923,15,80.93573903061386,88.23385292840035,21.309715630694424,0.8179416872834975,513.4525219935487
MC-CSSP-S,PSO,0,0.6498006075229267,3.2505897000000914,83,87.42385855810899,84.12689910461367,15.512306310963663,0.8191838708064336,505.8346998442697
MC-CSSP-S,PSO,1,0.6498006075229267,3.2445880000000216,64,87.42385855810899,84.12689910461367,15.512306310963663,0.8191838708064336,505.8346998442697
MC-CSSP-S,PSO,2,0.6498006075229267,3.317964700000175,98,87.42385855810899,84.12689910461367,15.512306310963663,0.8191838708064336,505.8346998442697
MC-CSSP-S,PSO,3,0.6481003218441783,3.313413500000024,47,79.40764962768748,87.10820971952536,21.309715630694424,0.830610560289207,508.9715651284997
MC-CSSP-S,PSO,4,0.6453454135700039,3.3154325000000426,65,78.10674034293449,84.78479941655905,21.309715630694424,0.8396293157237447,478.42954806303
MC-CSSP-S,PSO,5,0.6481003218441783,3.2448021999998673,42,79.40764962768748,87.10820971952536,21.309715630694424,0.830610560289207,508.9715651284997
MC-CSSP-S,PSO,6,0.6481003218441783,3.380091800000173,83,79.40764962768748,87.10820971952536,21.309715630694424,0.830610560289207,508.9715651284997
MC-CSSP-S,PSO,7,0.6498006075229267,3.2697674999999435,88,87.42385855810899,84.12689910461367,15.512306310963663,0.8191838708064336,505.8346998442697
MC-CSSP-S,PSO,8,0.6498006075229267,3.435776899999837,35,87.42385855810899,84.12689910461367,15.512306310963663,0.8191838708064336,505.8346998442697
MC-CSSP-S,PSO,9,0.6498006075229267,3.506202099999882,108,87.42385855810899,84.12689910461367,15.512306310963663,0.8191838708064336,505.8346998442697
MC-CSSP-S,PSO,10,0.6481003218441783,3.3529812000001584,18,79.40764962768748,87.10820971952536,21.309715630694424,0.830610560289207,508.9715651284997
MC-CSSP-S,PSO,11,0.6481003218441783,3.270165200000065,22,79.40764962768748,87.10820971952536,21.309715630694424,0.830610560289207,508.9715651284997
MC-CSSP-S,PSO,12,0.6481003218441783,3.3912647000001925,39,79.40764962768748,87.10820971952536,21.309715630694424,0.830610560289207,508.9715651284997
MC-CSSP-S,PSO,13,0.6498006075229267,3.233758200000011,63,87.42385855810899,84.12689910461367,15.512306310963663,0.8191838708064336,505.8346998442697
MC-CSSP-S,PSO,14,0.6481003218441783,3.192305199999737,19,79.40764962768748,87.10820971952536,21.309715630694424,0.830610560289207,508.9715651284997
MC-CSSP-S,PSO,15,0.6481003218441783,3.129649200000131,31,79.40764962768748,87.10820971952536,21.309715630694424,0.830610560289207,508.9715651284997
MC-CSSP-S,PSO,16,0.6481003218441783,3.1374218999999357,67,79.40764962768748,87.10820971952536,21.309715630694424,0.830610560289207,508.9715651284997
MC-CSSP-S,PSO,17,0.6481003218441783,3.181547000000137,36,79.40764962768748,87.10820971952536,21.309715630694424,0.830610560289207,508.9715651284997
MC-CSSP-S,PSO,18,0.6498006075229267,3.2453491000001122,29,87.42385855810899,84.12689910461367,15.512306310963663,0.8191838708064336,505.8346998442697
MC-CSSP-S,PSO,19,0.6498006075229267,3.2060420000002523,40,87.42385855810899,84.12689910461367,15.512306310963663,0.8191838708064336,505.8346998442697
MC-CSSP-S,QIDDM,0,0.6498006075229267,4.444366700000046,87,87.42385855810899,84.12689910461367,15.512306310963663,0.8191838708064336,505.8346998442697
MC-CSSP-S,QIDDM,1,0.6498006075229267,4.373891900000217,1,87.42385855810899,84.12689910461367,15.512306310963663,0.8191838708064336,505.8346998442697
MC-CSSP-S,QIDDM,2,0.6481003218441783,4.31577470000002,0,79.40764962768748,87.10820971952536,21.309715630694424,0.830610560289207,508.9715651284997
MC-CSSP-S,QIDDM,3,0.6498006075229267,4.338134999999966,7,87.42385855810899,84.12689910461367,15.512306310963663,0.8191838708064336,505.8346998442697
MC-CSSP-S,QIDDM,4,0.6481003218441783,4.238228000000163,0,79.40764962768748,87.10820971952536,21.309715630694424,0.830610560289207,508.9715651284997
MC-CSSP-S,QIDDM,5,0.6481003218441783,4.962600699999712,0,79.40764962768748,87.10820971952536,21.309715630694424,0.830610560289207,508.9715651284997
MC-CSSP-S,QIDDM,6,0.6481003218441783,4.436688300000242,1,79.40764962768748,87.10820971952536,21.309715630694424,0.830610560289207,508.9715651284997
MC-CSSP-S,QIDDM,7,0.6481003218441783,4.319843400000082,0,79.40764962768748,87.10820971952536,21.309715630694424,0.830610560289207,508.9715651284997
MC-CSSP-S,QIDDM,8,0.6481003218441783,4.343742900000052,0,79.40764962768748,87.10820971952536,21.309715630694424,0.830610560289207,508.9715651284997
MC-CSSP-S,QIDDM,9,0.6481003218441783,4.355263699999796,0,79.40764962768748,87.10820971952536,21.309715630694424,0.830610560289207,508.9715651284997
MC-CSSP-S,QIDDM,10,0.6481003218441783,4.317806000000019,0,79.40764962768748,87.10820971952536,21.309715630694424,0.830610560289207,508.9715651284997
MC-CSSP-S,QIDDM,11,0.6498006075229267,4.418942199999947,103,87.42385855810899,84.12689910461367,15.512306310963663,0.8191838708064336,505.8346998442697
MC-CSSP-S,QIDDM,12,0.6481003218441783,4.409442000000126,0,79.40764962768748,87.10820971952536,21.309715630694424,0.830610560289207,508.9715651284997
MC-CSSP-S,QIDDM,13,0.6498006075229267,4.3220094999996945,0,87.42385855810899,84.12689910461367,15.512306310963663,0.8191838708064336,505.8346998442697
MC-CSSP-S,QIDDM,14,0.6481003218441783,4.332600199999888,0,79.40764962768748,87.10820971952536,21.309715630694424,0.830610560289207,508.9715651284997
MC-CSSP-S,QIDDM,15,0.6481003218441783,4.108206100000189,0,79.40764962768748,87.10820971952536,21.309715630694424,0.830610560289207,508.9715651284997
MC-CSSP-S,QIDDM,16,0.6481003218441783,4.122647299999699,0,79.40764962768748,87.10820971952536,21.309715630694424,0.830610560289207,508.9715651284997
MC-CSSP-S,QIDDM,17,0.6481003218441783,4.310970200000156,0,79.40764962768748,87.10820971952536,21.309715630694424,0.830610560289207,508.9715651284997
MC-CSSP-S,QIDDM,18,0.6481003218441783,4.3504760000000715,0,79.40764962768748,87.10820971952536,21.309715630694424,0.830610560289207,508.9715651284997
MC-CSSP-S,QIDDM,19,0.6498006075229267,4.298026900000423,12,87.42385855810899,84.12689910461367,15.512306310963663,0.8191838708064336,505.8346998442697
MC-CSSP-M,TOPSIS,0,0.6313269235182305,0.0008405000003222085,0,68.26145767173372,73.55506221626216,15.30349289694064,0.7992763094833407,862.0160212373967
MC-CSSP-M,AHP,0,0.6402853637772357,0.0007501999998567044,0,61.7761952469634,75.86032259292307,22.212004873337136,0.8534492961316589,1027.6471203827637
MC-CSSP-M,GA,0,0.6035737252280531,3.4297364999997626,26,73.23216955731337,76.79675792522686,22.750902356377665,0.8671844104001137,963.5483273739687
MC-CSSP-M,GA,1,0.6094762556049969,3.5698187999996662,71,69.90608672249536,74.79546244678222,19.64253734321106,0.8260314929847876,1030.8198049813705
MC-CSSP-M,GA,2,0.6154967915123885,3.5748218999997334,114,68.01450800473076,74.89040243866192,22.212004873337136,0.8714672499429138,1012.1118165667399
MC-CSSP-M,GA,3,0.6027358986979846,3.6395552999997562,69,69.11656310252063,75.41969864130583,21.88914327430579,0.8482130370357651,1046.0709735372852
MC-CSSP-M,GA,4,0.6075883354525178,3.5981550999999854,50,68.80593776696998,76.13494634072737,22.212004873337136,0.8476431994744418,1093.0459916066507
MC-CSSP-M,GA,5,0.6092969660451643,3.0800747000002957,43,74.1155766643968,77.81907018471021,22.212004873337136,0.8682166564992482,1003.7216231176758
MC-CSSP-M,GA,6,0.6040484667987542,3.0399216000000706,112,68.90189004261816,78.77597316047448,22.212004873337136,0.8074360023863216,1141.6380589837595
MC-CSSP-M,GA,7,0.5982233720651383,3.091109499999675,119,72.29925977991242,77.89478365135582,23.483745691458722,0.8522207288542123,962.4315184724423
MC-CSSP-M,GA,8,0.6013839958333158,3.043177200000173,56,71.17899998678556,77.57880772368713,22.212004873337136,0.834037685127449,1014.6991316203248
MC-CSSP-M,GA,9,0.604596666798022,3.00464379999994,113,65.97658024298786,75.7782150675474,23.483745691458722,0.8498599518756542,921.9891625139694
MC-CSSP-M,GA,10,0.6207443458005591,2.7902736999999433,119,67.38541578611498,77.42123563174057,23.483745691458722,0.8654792998709725,1004.1660005045874
MC-CSSP-M,GA,11,0.6068096828463064,2.8609065000000555,119,65.42065143074241,74.98595564446116,22.212004873337136,0.8323349564014131,1003.503224382991
MC-CSSP-M,GA,12,0.6099542781707704,3.0807982000001175,11,65.38100799494251,73.76549247676597,20.574559157300506,0.8312077145507236,895.6495040638142
MC-CSSP-M,GA,13,0.5985290353156091,2.770380699999805,73,68.5745698567006,76.2254343013685,22.212004873337136,0.8283278673796146,1126.6674555275113
MC-CSSP-M,GA,14,0.6146492350994894,2.762606300000243,14,67.99049167991834,75.68304496522434,23.483745691458722,0.8723179903291812,1111.0927051597419
MC-CSSP-M,GA,15,0.6316180818862329,2.8498240999997506,94,65.39460771470506,77.17894093167182,22.212004873337136,0.8518127496807902,1046.0741079088361
MC-CSSP-M,GA,16,0.608696585480104,2.780400600000121,81,69.68242435410062,78.25923327043266,22.212004873337136,0.8308889766443529,840.152899029642
MC-CSSP-M,GA,17,0.616202915443256,2.741794999999911,101,67.35981666476434,75.36240335711703,19.64253734321106,0.8114421373458062,1052.7715194826533
MC-CSSP-M,GA,18,0.6053570016265186,2.7594130000002224,42,69.39798136571497,75.3639094551499,22.212004873337136,0.865315475002114,949.8809764154094
MC-CSSP-M,GA,19,0.6152704071715075,2.813751400000001,81,65.25274625897919,75.87920239001167,23.483745691458722,0.8611298875766694,893.7497221852127
MC-CSSP-M,PSO,0,0.6323488738292209,2.4492143000002216,66,63.71166449298757,74.62902238651168,22.212004873337136,0.8749873497506814,1039.6647386714849
MC-CSSP-M,PSO,1,0.6403119257294246,2.476011799999924,95,59.128182174078525,74.94783226609108,22.212004873337136,0.8457725176572466,1006.3666527273554
MC-CSSP-M,PSO,2,0.6200470631595444,2.5005638000002364,107,69.61866431027028,76.60710998569704,22.212004873337136,0.8595061786611321,1163.6771909064842
MC-CSSP-M,PSO,3,0.6238313493520828,2.595108699999855,91,68.2041308169409,74.87463875745031,20.574559157300506,0.8466006636581883,1142.8731876425272
MC-CSSP-M,PSO,4,0.6309508705550867,2.4127920999999333,62,63.711849208291845,76.35555840150072,22.212004873337136,0.8485897094813636,954.0924359779547
MC-CSSP-M,PSO,5,0.6232568968907078,2.412363500000083,101,69.7471904628917,77.47515349947044,23.483745691458722,0.8815642074088045,918.605739942429
MC-CSSP-M,PSO,6,0.6141995320415607,2.438853299999664,66,69.86296328296467,77.89951190943474,19.64253734321106,0.801873129646547,1007.0938253104277
MC-CSSP-M,PSO,7,0.6265237099405303,2.448822199999995,15,63.87621372025897,73.30003256454725,19.64253734321106,0.8256705346493175,1093.4975193975492
MC-CSSP-M,PSO,8,0.6226310537643331,3.0976581999998416,49,72.99080186687861,74.27089632663606,17.09121861031677,0.8383000549025815,892.032643709465
MC-CSSP-M,PSO,9,0.6203438339445514,2.765614199999618,64,72.97354187740892,77.66629571714563,18.138165098800634,0.8040768784596822,1067.4789102316558
MC-CSSP-M,PSO,10,0.629490536630765,3.160143699999935,99,70.56285003347284,74.49286230326874,17.09121861031677,0.821875600645017,981.6025745698325
MC-CSSP-M,PSO,11,0.6251910701434803,2.5555358999999953,120,69.71329243702,78.23619284270417,19.64253734321106,0.8057099781702984,1143.8735538902592
MC-CSSP-M,PSO,12,0.627552893998071,2.4310279999999693,35,63.79036030098121,74.61582947824975,21.88914327430579,0.8621080689177415,923.6992177904949
MC-CSSP-M,PSO,13,0.6216875353197153,2.5023293999997804,39,62.71663017963794,73.86255849318653,22.212004873337136,0.8569715032568375,983.4956191951801
MC-CSSP-M,PSO,14,0.6308300163697124,2.420209700000214,30,65.33552155517651,73.12229005144619,19.64253734321106,0.8508265267990349,1008.4025284099639
MC-CSSP-M,PSO,15,0.6272220698848759,2.505452200000036,94,65.8939928726566,77.00265833494275,22.212004873337136,0.8505010360982314,1028.7549601209312
MC-CSSP-M,PSO,16,0.6265587787906193,2.312086299999919,106,60.20327973805261,74.90135099915574,22.212004873337136,0.8287220108687603,1072.4093683792312
MC-CSSP-M,PSO,17,0.6384072701307917,2.4629104000000552,80,61.62823956227671,74.77187430474731,22.212004873337136,0.8637169829992598,1051.7419904935555
MC-CSSP-M,PSO,18,0.6296782694128013,2.335958699999992,113,66.62665332481505,74.37648766969473,22.212004873337136,0.8885632691251354,1097.4011370192216
MC-CSSP-M,PSO,19,0.6308954572412343,2.3945189999999457,117,65.93438060889275,74.28017509984421,19.64253734321106,0.8366873686998526,1033.0953681691403
MC-CSSP-M,QIDDM,0,0.6494643478859783,4.08107740000014,16,63.899032665540794,75.31797081655833,19.64253734321106,0.8467744695309467,982.4307650476399
MC-CSSP-M,QIDDM,1,0.6473066106585024,4.051004399999783,8,63.447933812666406,76.34746856639639,22.212004873337136,0.871011636420429,1091.8445159840035
MC-CSSP-M,QIDDM,2,0.6494643478859783,4.2474772000000485,119,63.899032665540794,75.31797081655833,19.64253734321106,0.8467744695309467,982.4307650476399
MC-CSSP-M,QIDDM,3,0.6484548265058726,4.259501700000328,59,63.614342547032805,75.99342020339834,22.212004873337136,0.8824833594765981,1128.082066393864
MC-CSSP-M,QIDDM,4,0.6484548265058726,3.9494317999997293,56,63.614342547032805,75.99342020339834,22.212004873337136,0.8824833594765981,1128.082066393864
MC-CSSP-M,QIDDM,5,0.6484548265058726,4.195453499999985,3,63.614342547032805,75.99342020339834,22.212004873337136,0.8824833594765981,1128.082066393864
MC-CSSP-M,QIDDM,6,0.6494643478859783,4.052493099999992,16,63.899032665540794,75.31797081655833,19.64253734321106,0.8467744695309467,982.4307650476399
MC-CSSP-M,QIDDM,7,0.6473066106585024,4.065151400000104,8,63.447933812666406,76.34746856639639,22.212004873337136,0.871011636420429,1091.8445159840035
MC-CSSP-M,QIDDM,8,0.6484548265058726,4.12404800000013,32,63.614342547032805,75.99342020339834,22.212004873337136,0.8824833594765981,1128.082066393864
MC-CSSP-M,QIDDM,9,0.6473066106585024,4.2716724000001705,8,63.447933812666406,76.34746856639639,22.212004873337136,0.871011636420429,1091.8445159840035
MC-CSSP-M,QIDDM,10,0.6494643478859783,4.214548599999944,24,63.899032665540794,75.31797081655833,19.64253734321106,0.8467744695309467,982.4307650476399
MC-CSSP-M,QIDDM,11,0.6494643478859783,4.25680310000007,6,63.899032665540794,75.31797081655833,19.64253734321106,0.8467744695309467,982.4307650476399
MC-CSSP-M,QIDDM,12,0.6494643478859783,4.058803299999909,16,63.899032665540794,75.31797081655833,19.64253734321106,0.8467744695309467,982.4307650476399
MC-CSSP-M,QIDDM,13,0.6473066106585024,3.8216150000002926,8,63.447933812666406,76.34746856639639,22.212004873337136,0.871011636420429,1091.8445159840035
MC-CSSP-M,QIDDM,14,0.6484548265058726,4.006382199999734,8,63.614342547032805,75.99342020339834,22.212004873337136,0.8824833594765981,1128.082066393864
MC-CSSP-M,QIDDM,15,0.6484548265058726,3.7652078999999503,3,63.614342547032805,75.99342020339834,22.212004873337136,0.8824833594765981,1128.082066393864
MC-CSSP-M,QIDDM,16,0.6473066106585024,4.232929300000251,6,63.447933812666406,76.34746856639639,22.212004873337136,0.871011636420429,1091.8445159840035
MC-CSSP-M,QIDDM,17,0.6484548265058726,3.913338300000305,24,63.614342547032805,75.99342020339834,22.212004873337136,0.8824833594765981,1128.082066393864
MC-CSSP-M,QIDDM,18,0.6484548265058726,4.198487600000135,5,63.614342547032805,75.99342020339834,22.212004873337136,0.8824833594765981,1128.082066393864
MC-CSSP-M,QIDDM,19,0.6484548265058726,4.154265399999986,8,63.614342547032805,75.99342020339834,22.212004873337136,0.8824833594765981,1128.082066393864
MC-CSSP-L,TOPSIS,0,0.6712971219371103,0.0005119000002196117,0,67.21012531522422,80.17135416330395,15.93534476592216,0.7751456416992686,2178.8945032261045
MC-CSSP-L,AHP,0,0.6301125042322471,0.0004612000002452987,0,72.02847116003672,84.36432874208238,24.551768674732855,0.8311433370800445,1891.6296591623295
MC-CSSP-L,GA,0,0.6143669007845489,2.8066220000000612,91,74.42808154983044,78.24695666358153,20.851523195071138,0.8370448087269021,2412.6695724367964
MC-CSSP-L,GA,1,0.5916117499387151,2.85203649999994,15,75.32484069182037,79.69897286760832,24.07252294969697,0.8320933295563115,2147.6103719111325
MC-CSSP-L,GA,2,0.5991348270539365,2.9077735999999277,77,73.45804121431883,80.62210132047144,23.598868933672584,0.8252659771101016,1817.400680673265
MC-CSSP-L,GA,3,0.5874382437458496,2.90792939999983,68,77.09615414429028,82.41019313384541,24.07252294969697,0.8032464970685035,1703.1927447184216
MC-CSSP-L,GA,4,0.6135358532019689,2.928386000000046,80,77.68740339264565,80.45765696995562,18.813450510605588,0.7928996879404003,1930.2438403094147
MC-CSSP-L,GA,5,0.6020397408703964,2.7109927999999854,12,78.07788082384249,83.3016608246453,24.551768674732855,0.8373727650835064,2002.5728132245622
MC-CSSP-L,GA,6,0.5963036707960058,3.139334500000132,61,78.52081498249214,81.31393134216188,24.551768674732855,0.8524299528033167,1866.2443448798194
MC-CSSP-L,GA,7,0.6055903265547372,3.1968551999998454,63,70.96909129828842,80.44987302922496,22.69847059691766,0.8007833209723939,2081.2276050977425
MC-CSSP-L,GA,8,0.5984568398859944,2.809266099999604,14,74.8840194834665,81.54355706293116,23.598868933672584,0.8145009476803942,2330.0847051244673
MC-CSSP-L,GA,9,0.5996540556113208,2.872008199999982,87,77.10618016008453,80.97461488782056,22.347505317177635,0.8154091340132243,1797.5572842402844
MC-CSSP-L,GA,10,0.600620766422732,2.8097058000003017,80,75.12446013041179,80.06908228582907,21.772900437719986,0.8053467033755203,2008.0860999224979
MC-CSSP-L,GA,11,0.5866685333472099,2.9488878000001932,110,77.35503633080302,77.79953234247107,22.69847059691766,0.8420996359948517,2088.2555068656684
MC-CSSP-L,GA,12,0.6053470601709732,2.899594700000307,107,77.36156850340495,81.04595131208939,22.347505317177635,0.8316204006965203,1941.4052464978868
MC-CSSP-L,GA,13,0.6024882181452017,2.88965189999999,17,71.66683965198372,81.12550223504732,23.22087080094563,0.8022133230275744,2102.4223669684825
MC-CSSP-L,GA,14,0.6076825766568719,2.9084814999996524,49,78.29011810745199,79.55331517861319,20.19004965028379,0.8158290588265101,2077.3669585463667
MC-CSSP-L,GA,15,0.6028464297912315,3.143862999999783,52,77.0015914884973,80.34891189431679,22.347505317177635,0.8240333098419677,2194.651311686872
MC-CSSP-L,GA,16,0.6064646219150029,2.877030399999967,57,78.66722344016051,83.03767242193817,24.07252294969697,0.8426929978814607,2175.7470155318324
MC-CSSP-L,GA,17,0.6042585118526245,2.9672998000000916,96,76.52574108229854,82.07826495030903,24.468304300756042,0.8402721523552542,2183.1565963423836
MC-CSSP-L,GA,18,0.600762086771925,2.960278399999879,77,77.37774344940416,78.16172295817461,21.71212771463981,0.8478662848953548,2008.9489360085136
MC-CSSP-L,GA,19,0.6007056185352578,2.950391899999886,21,74.1534400903352,79.05145645634865,22.347505317177635,0.8181109241212974,2088.3132575041245
MC-CSSP-L,PSO,0,0.6247992587378598,2.803602299999966,90,75.88926390444786,80.61410430337773,20.036404441730543,0.8195401453328085,2110.974670258229
MC-CSSP-L,PSO,1,0.6253233070947493,2.760705500000313,120,82.57220341027947,80.36970463925566,17.934255524178088,0.8396040492671861,1969.479439455662
MC-CSSP-L,PSO,2,0.6151242936302102,2.3555013000000145,61,77.08311085222562,79.91639621984446,19.263737504014752,0.811188294639015,1818.531987185872
MC-CSSP-L,PSO,3,0.621245271508317,1.9226975000001403,116,76.74341194543038,79.0724954273267,18.813450510605588,0.8217001235411505,2183.1750714298305
MC-CSSP-L,PSO,4,0.6294280618823818,2.4354911999998876,67,75.36073989390894,79.6686029136299,20.19004965028379,0.8454929676332978,1724.3828068397115
MC-CSSP-L,PSO,5,0.6184009361556595,2.2304622999999992,19,78.254852244044,81.58619413970993,20.036404441730543,0.812412134518335,2109.9362441260128
MC-CSSP-L,PSO,6,0.617387620786847,2.081462300000112,87,75.30862215784579,80.01384914444453,20.036404441730543,0.8115199047870416,1908.961679454218
MC-CSSP-L,PSO,7,0.6234881248404301,2.0429791000001387,48,76.08901259664212,80.14819123570699,19.263737504014752,0.8008795397165567,2016.366682001425
MC-CSSP-L,PSO,8,0.6190401986438223,2.341055200000028,95,74.52782515410398,78.55756712684499,20.036404441730543,0.8251446989102892,2107.5023761331286
MC-CSSP-L,PSO,9,0.617025254102072,2.1507282000002306,101,74.4286895647996,81.57140798128653,22.514267227805778,0.8256612644137067,1972.210763003628
MC-CSSP-L,PSO,10,0.6157834407968615,2.0269004000001587,110,74.63885048393402,78.92957626893879,19.973814833948374,0.8231175902440445,1997.6263817132285
MC-CSSP-L,PSO,11,0.6216838207409333,1.985405300000366,73,79.27772613775709,80.41018426286398,17.585149430914676,0.8015869535721333,1813.8959287012385
MC-CSSP-L,PSO,12,0.6090400256813117,1.9968690999999126,46,80.35697343782881,81.32520752052513,18.792355860223758,0.7887127833395978,1631.2202100619643
MC-CSSP-L,PSO,13,0.6118762072116002,2.0322904999998173,87,77.71361217796378,80.47843456923395,20.19004965028379,0.816281827754956,1883.0339469506425
MC-CSSP-L,PSO,14,0.6214762326713024,2.059492599999885,110,75.21789850120604,79.29185313724328,19.973814833948374,0.8245745171493659,1929.1430931134146
MC-CSSP-L,PSO,15,0.610735711146963,2.0586246000002575,100,69.40710497970527,80.6216804662589,23.598868933672584,0.8134125181399444,1819.1598952960367
MC-CSSP-L,PSO,16,0.6196807677647532,2.0637136000000282,62,75.60821855605182,79.96076997306726,20.19004965028379,0.8228814650970385,2080.9394324188042
MC-CSSP-L,PSO,17,0.6211402285214056,2.0133116999995764,101,75.64299738371349,80.68140126552062,19.973814833948374,0.8133417323958277,1939.791217976699
MC-CSSP-L,PSO,18,0.6270454982951458,1.9705180999999357,110,71.76083677210478,79.75598756327666,20.19004965028379,0.8080320501716561,1974.9608282390727
MC-CSSP-L,PSO,19,0.6188630684761306,2.0929849999997714,61,78.19597022817749,78.63149235586873,20.036404441730543,0.8509386925363066,1955.1675452800473
MC-CSSP-L,QIDDM,0,0.6791362729809921,4.590163700000176,24,73.0277176427534,82.9233628412256,18.792355860223758,0.8456696836026414,1841.2815794485969
MC-CSSP-L,QIDDM,1,0.6796487188900896,4.62950039999987,24,72.99931484518515,83.08428754398298,18.792355860223758,0.8434024792150582,1862.300275627953
MC-CSSP-L,QIDDM,2,0.6779425442089453,4.461642199999915,24,72.95635252294113,82.90807839767815,18.792355860223758,0.842292622221855,1923.6700086290293
MC-CSSP-L,QIDDM,3,0.6785975127564005,4.5555991999999605,16,73.18324828151194,82.66210773019317,18.792355860223758,0.8480425200950098,1831.0041928870733
MC-CSSP-L,QIDDM,4,0.6779425442089453,5.088810400000057,24,72.95635252294113,82.90807839767815,18.792355860223758,0.842292622221855,1923.6700086290293
MC-CSSP-L,QIDDM,5,0.6796487188900896,4.547388399999818,24,72.99931484518515,83.08428754398298,18.792355860223758,0.8434024792150582,1862.300275627953
MC-CSSP-L,QIDDM,6,0.6779425442089453,5.242207100000087,24,72.95635252294113,82.90807839767815,18.792355860223758,0.842292622221855,1923.6700086290293
MC-CSSP-L,QIDDM,7,0.6779425442089453,4.9886327999997775,32,72.95635252294113,82.90807839767815,18.792355860223758,0.842292622221855,1923.6700086290293
MC-CSSP-L,QIDDM,8,0.6782526842371561,5.389112899999873,8,72.80082188418258,83.16933350871058,18.792355860223758,0.8399197857294868,1933.947395190553
MC-CSSP-L,QIDDM,9,0.6854341828431024,5.1875426999999945,16,72.39102848005345,83.00403019939645,17.585149430914676,0.83168318572264,1821.000720457596
MC-CSSP-L,QIDDM,10,0.6800534502356967,4.467590499999915,32,73.23476373901086,83.23113757459109,18.792355860223758,0.8439116779464377,1926.0930981359352
MC-CSSP-L,QIDDM,11,0.6796487188900896,4.464126099999703,32,72.99931484518515,83.08428754398298,18.792355860223758,0.8434024792150582,1862.300275627953
MC-CSSP-L,QIDDM,12,0.6782526842371561,4.5398362999999335,24,72.80082188418258,83.16933350871058,18.792355860223758,0.8399197857294868,1933.947395190553
MC-CSSP-L,QIDDM,13,0.6828844190938852,4.584376499999962,24,71.7108015207287,81.90387779980519,17.585149430914676,0.8368275374103503,1832.4435981106808
MC-CSSP-L,QIDDM,14,0.6779425442089453,4.565982100000383,32,72.95635252294113,82.90807839767815,18.792355860223758,0.842292622221855,1923.6700086290293
MC-CSSP-L,QIDDM,15,0.6800534502356967,4.837745700000141,16,73.23476373901086,83.23113757459109,18.792355860223758,0.8439116779464377,1926.0930981359352
MC-CSSP-L,QIDDM,16,0.6779425442089453,4.589529600000333,32,72.95635252294113,82.90807839767815,18.792355860223758,0.842292622221855,1923.6700086290293
MC-CSSP-L,QIDDM,17,0.6779425442089453,4.75382430000036,24,72.95635252294113,82.90807839767815,18.792355860223758,0.842292622221855,1923.6700086290293
MC-CSSP-L,QIDDM,18,0.6796487188900896,6.098361299999851,32,72.99931484518515,83.08428754398298,18.792355860223758,0.8434024792150582,1862.300275627953
MC-CSSP-L,QIDDM,19,0.6779425442089453,7.864171000000169,32,72.95635252294113,82.90807839767815,18.792355860223758,0.842292622221855,1923.6700086290293
